date,temp_high_f,temp_low_f,precip_in,is_rainy,conditions
2024-01-01,69.1,56.7,0.0,False,Cloudy
2024-01-02,59.2,46.0,0.0,False,Clear
2024-01-03,67.4,54.9,0.0,False,Clear
2024-01-04,71.3,54.0,1.18,True,Cloudy
2024-01-05,71.8,55.5,0.0,False,Cloudy
2024-01-06,72.5,56.0,1.33,True,Thunderstorms
2024-01-07,70.0,57.4,0.0,False,Thunderstorms
2024-01-08,63.4,50.3,0.8,True,Partly Cloudy
2024-01-09,64.6,48.8,0.0,False,Partly Cloudy
2024-01-10,62.6,44.2,0.0,False,Clear
2024-01-11,66.7,52.0,1.47,True,Cloudy
2024-01-12,67.8,47.6,0.0,False,Partly Cloudy
2024-01-13,61.8,46.5,0.39,True,Clear
2024-01-14,57.1,42.1,0.0,False,Clear
2024-01-15,68.5,50.2,0.0,False,Cloudy
2024-01-16,66.7,48.5,0.37,True,Light Rain
2024-01-17,65.2,46.9,0.0,False,Clear
2024-01-18,64.7,50.2,0.64,True,Light Rain
2024-01-19,58.5,40.6,0.0,False,Light Rain
2024-01-20,64.7,49.2,0.0,False,Clear
2024-01-21,59.6,40.4,0.23,True,Thunderstorms
2024-01-22,60.9,45.9,0.0,False,Cloudy
2024-01-23,60.7,41.3,0.35,True,Light Rain
2024-01-24,60.1,48.4,0.0,False,Clear
2024-01-25,54.5,41.5,0.0,False,Drizzle
2024-01-26,60.3,47.5,0.0,False,Clear
2024-01-27,55.2,39.3,0.0,False,Clear
2024-01-28,62.6,48.8,0.0,False,Clear
2024-01-29,53.7,38.7,0.0,False,Light Rain
2024-01-30,59.8,41.3,0.0,False,Cloudy
2024-01-31,60.2,46.5,0.0,False,Light Rain
2024-02-01,56.5,38.2,0.41,True,Thunderstorms
2024-02-02,53.7,40.1,0.0,False,Partly Cloudy
2024-02-03,53.3,36.0,0.0,False,Drizzle
2024-02-04,58.9,39.6,0.56,True,Light Rain
2024-02-05,49.9,39.6,0.0,False,Partly Cloudy
2024-02-06,56.3,44.0,0.0,False,Light Rain
2024-02-07,53.7,36.4,0.59,True,Light Rain
2024-02-08,49.2,36.0,0.0,False,Thunderstorms
2024-02-09,53.7,39.7,0.0,False,Partly Cloudy
2024-02-10,53.7,36.4,0.0,False,Cloudy
2024-02-11,51.1,34.8,2.82,True,Clear
2024-02-12,53.8,32.6,0.0,False,Clear
2024-02-13,53.8,38.6,1.15,True,Cloudy
2024-02-14,53.3,31.9,0.0,False,Clear
2024-02-15,45.4,30.1,0.0,False,Clear
2024-02-16,51.9,38.6,1.28,True,Partly Cloudy
2024-02-17,51.2,34.2,0.0,False,Clear
2024-02-18,48.1,33.0,0.0,False,Cloudy
2024-02-19,48.3,34.6,0.0,False,Clear
2024-02-20,63.2,41.7,0.0,False,Clear
2024-02-21,42.0,27.8,0.45,True,Cloudy
2024-02-22,39.7,21.9,0.0,False,Clear
2024-02-23,56.1,39.4,0.0,False,Fog
2024-02-24,38.0,29.2,0.3,True,Light Rain
2024-02-25,56.9,42.5,2.83,True,Light Rain
2024-02-26,47.9,31.2,0.0,False,Clear
2024-02-27,43.7,29.9,1.06,True,Thunderstorms
2024-02-28,50.5,32.8,0.0,False,Clear
2024-02-29,46.5,29.1,0.81,True,Light Rain
2024-03-01,53.0,34.7,0.0,False,Windy
2024-03-02,44.5,33.1,1.28,True,Light Rain
2024-03-03,50.0,30.8,0.0,False,Partly Cloudy
2024-03-04,46.2,29.5,0.71,True,Thunderstorms
2024-03-05,45.5,34.2,0.0,False,Light Rain
2024-03-06,44.9,26.1,0.0,False,Cloudy
2024-03-07,48.0,36.8,0.0,False,Clear
2024-03-08,41.6,27.0,0.0,False,Clear
2024-03-09,49.4,32.3,0.0,False,Clear
2024-03-10,51.2,36.0,0.0,False,Clear
2024-03-11,42.0,29.3,1.58,True,Cloudy
2024-03-12,45.5,28.6,0.0,False,Fog
2024-03-13,42.4,29.4,0.0,False,Thunderstorms
2024-03-14,43.3,25.5,0.0,False,Clear
2024-03-15,38.1,19.6,1.13,True,Thunderstorms
2024-03-16,39.7,28.9,0.0,False,Partly Cloudy
2024-03-17,46.5,23.2,0.0,False,Thunderstorms
2024-03-18,40.6,30.7,0.0,False,Partly Cloudy
2024-03-19,43.5,30.2,0.0,False,Clear
2024-03-20,42.4,26.5,0.0,False,Clear
2024-03-21,39.9,25.0,0.0,False,Partly Cloudy
2024-03-22,36.1,23.3,0.0,False,Clear
2024-03-23,37.5,22.8,0.0,False,Partly Cloudy
2024-03-24,47.3,31.2,3.89,True,Thunderstorms
2024-03-25,35.3,15.1,2.22,True,Light Rain
2024-03-26,31.7,17.3,0.0,False,Clear
2024-03-27,42.4,23.0,0.0,False,Windy
2024-03-28,38.9,24.7,0.98,True,Light Rain
2024-03-29,41.4,22.9,1.03,True,Partly Cloudy
2024-03-30,38.8,21.2,1.63,True,Clear
2024-03-31,31.0,13.3,1.54,True,Partly Cloudy
2024-04-01,42.0,26.5,0.43,True,Light Rain
2024-04-02,41.2,22.7,0.0,False,Light Rain
2024-04-03,33.5,18.6,1.6,True,Light Rain
2024-04-04,34.0,15.1,0.79,True,Partly Cloudy
2024-04-05,41.1,25.2,0.0,False,Partly Cloudy
2024-04-06,36.7,19.5,0.0,False,Windy
2024-04-07,42.5,23.2,0.0,False,Partly Cloudy
2024-04-08,42.0,28.8,0.79,True,Drizzle
2024-04-09,50.2,30.2,1.92,True,Thunderstorms
2024-04-10,39.5,24.2,0.0,False,Clear
2024-04-11,27.7,13.6,0.68,True,Thunderstorms
2024-04-12,40.6,27.2,0.0,False,Cloudy
2024-04-13,37.3,22.2,0.0,False,Partly Cloudy
2024-04-14,40.0,26.3,0.0,False,Clear
2024-04-15,41.8,23.1,0.0,False,Cloudy
2024-04-16,37.4,20.2,0.39,True,Partly Cloudy
2024-04-17,41.8,26.6,0.69,True,Light Rain
2024-04-18,38.6,17.1,2.29,True,Light Rain
2024-04-19,32.1,13.2,0.0,False,Drizzle
2024-04-20,48.6,30.6,0.0,False,Thunderstorms
2024-04-21,31.2,16.0,1.59,True,Cloudy
2024-04-22,39.4,26.5,0.0,False,Partly Cloudy
2024-04-23,32.4,20.9,2.34,True,Cloudy
2024-04-24,44.2,28.5,0.0,False,Thunderstorms
2024-04-25,34.9,19.9,0.16,True,Thunderstorms
2024-04-26,38.4,15.3,0.14,True,Cloudy
2024-04-27,38.9,22.8,0.0,False,Cloudy
2024-04-28,37.2,24.6,0.0,False,Cloudy
2024-04-29,41.1,24.6,0.0,False,Clear
2024-04-30,37.6,20.7,0.0,False,Cloudy
2024-05-01,31.9,17.5,0.0,False,Partly Cloudy
2024-05-02,37.4,24.8,0.77,True,Thunderstorms
2024-05-03,41.4,22.2,1.08,True,Light Rain
2024-05-04,36.8,26.4,0.0,False,Clear
2024-05-05,38.8,17.3,0.0,False,Clear
2024-05-06,35.9,23.5,0.0,False,Clear
2024-05-07,33.0,19.1,0.0,False,Fog
2024-05-08,35.1,22.3,0.0,False,Thunderstorms
2024-05-09,34.7,19.4,0.0,False,Light Rain
2024-05-10,39.4,22.2,0.0,False,Clear
2024-05-11,40.9,28.6,0.0,False,Clear
2024-05-12,38.7,23.1,0.14,True,Thunderstorms
2024-05-13,36.7,17.3,0.0,False,Fog
2024-05-14,34.7,22.7,0.51,True,Partly Cloudy
2024-05-15,39.0,23.5,0.0,False,Partly Cloudy
2024-05-16,41.7,26.0,0.0,False,Clear
2024-05-17,32.1,24.2,0.0,False,Cloudy
2024-05-18,35.8,23.1,0.75,True,Thunderstorms
2024-05-19,44.9,24.9,0.0,False,Clear
2024-05-20,50.3,33.3,1.41,True,Light Rain
2024-05-21,33.4,21.2,0.0,False,Partly Cloudy
2024-05-22,49.3,36.9,1.38,True,Cloudy
2024-05-23,39.3,25.4,0.0,False,Thunderstorms
2024-05-24,35.9,18.1,0.82,True,Light Rain
2024-05-25,37.5,19.5,0.0,False,Clear
2024-05-26,46.9,28.9,1.64,True,Light Rain
2024-05-27,53.9,37.8,0.0,False,Cloudy
2024-05-28,48.3,33.5,0.0,False,Clear
2024-05-29,41.3,27.9,0.59,True,Light Rain
2024-05-30,45.1,31.5,0.0,False,Windy
2024-05-31,39.7,20.7,0.37,True,Light Rain
2024-06-01,48.9,31.3,1.88,True,Light Rain
2024-06-02,42.7,25.1,0.0,False,Partly Cloudy
2024-06-03,46.9,27.4,0.74,True,Partly Cloudy
2024-06-04,40.9,22.9,0.0,False,Clear
2024-06-05,48.0,25.2,0.0,False,Clear
2024-06-06,45.7,27.3,0.0,False,Partly Cloudy
2024-06-07,40.0,27.1,1.34,True,Cloudy
2024-06-08,48.5,33.8,0.15,True,Cloudy
2024-06-09,53.8,33.4,0.0,False,Clear
2024-06-10,50.0,35.8,0.64,True,Light Rain
2024-06-11,47.6,30.1,0.0,False,Clear
2024-06-12,57.9,37.8,1.43,True,Fog
2024-06-13,55.1,39.3,1.15,True,Thunderstorms
2024-06-14,48.4,31.0,0.0,False,Clear
2024-06-15,59.2,41.0,0.0,False,Clear
2024-06-16,50.4,31.8,0.92,True,Thunderstorms
2024-06-17,49.9,37.7,0.0,False,Clear
2024-06-18,51.2,34.8,0.0,False,Clear
2024-06-19,46.4,29.2,0.0,False,Fog
2024-06-20,54.2,33.9,1.82,True,Light Rain
2024-06-21,56.0,38.2,0.0,False,Partly Cloudy
2024-06-22,54.3,40.1,0.0,False,Light Rain
2024-06-23,49.6,35.4,0.0,False,Light Rain
2024-06-24,51.0,36.7,0.0,False,Clear
2024-06-25,51.5,34.0,0.0,False,Clear
2024-06-26,52.6,37.9,0.28,True,Light Rain
2024-06-27,46.8,30.8,0.0,False,Partly Cloudy
2024-06-28,54.1,44.2,0.0,False,Partly Cloudy
2024-06-29,49.7,33.0,0.0,False,Cloudy
2024-06-30,56.9,41.7,3.12,True,Thunderstorms
2024-07-01,62.6,47.1,5.8,True,Windy
2024-07-02,55.3,36.6,0.0,False,Clear
2024-07-03,60.3,44.8,1.15,True,Light Rain
2024-07-04,50.6,31.3,0.84,True,Light Rain
2024-07-05,56.3,36.0,0.0,False,Thunderstorms
2024-07-06,55.4,40.1,0.0,False,Clear
2024-07-07,61.3,41.4,0.87,True,Cloudy
2024-07-08,58.2,42.8,0.0,False,Partly Cloudy
2024-07-09,52.4,36.5,2.13,True,Light Rain
2024-07-10,46.2,31.9,0.0,False,Clear
2024-07-11,58.4,41.7,0.0,False,Clear
2024-07-12,56.0,42.7,1.19,True,Fog
2024-07-13,63.4,43.0,0.73,True,Light Rain
2024-07-14,59.4,44.1,1.35,True,Thunderstorms
2024-07-15,68.0,52.5,0.0,False,Partly Cloudy
2024-07-16,63.8,51.0,0.0,False,Clear
2024-07-17,61.9,46.7,0.0,False,Windy
2024-07-18,63.1,45.9,0.88,True,Thunderstorms
2024-07-19,71.4,52.7,0.0,False,Drizzle
2024-07-20,59.1,45.1,1.04,True,Fog
2024-07-21,68.7,50.8,0.0,False,Light Rain
2024-07-22,60.2,50.8,0.0,False,Clear
2024-07-23,59.2,43.2,0.46,True,Light Rain
2024-07-24,68.1,47.6,0.0,False,Clear
2024-07-25,72.7,54.5,0.0,False,Partly Cloudy
2024-07-26,63.6,49.8,1.74,True,Partly Cloudy
2024-07-27,65.5,50.2,0.0,False,Clear
2024-07-28,61.2,49.5,0.0,False,Windy
2024-07-29,62.9,47.0,1.06,True,Cloudy
2024-07-30,70.9,50.8,0.0,False,Light Rain
2024-07-31,66.4,53.1,0.0,False,Partly Cloudy
2024-08-01,78.8,59.9,0.0,False,Partly Cloudy
2024-08-02,72.7,56.7,0.0,False,Drizzle
2024-08-03,68.1,52.7,0.0,False,Windy
2024-08-04,70.9,55.6,0.0,False,Partly Cloudy
2024-08-05,74.4,55.2,0.56,True,Thunderstorms
2024-08-06,64.8,51.0,0.66,True,Cloudy
2024-08-07,73.4,57.6,0.0,False,Clear
2024-08-08,62.7,43.0,0.88,True,Drizzle
2024-08-09,77.4,60.0,0.55,True,Light Rain
2024-08-10,75.5,62.2,0.0,False,Partly Cloudy
2024-08-11,71.2,54.6,0.0,False,Cloudy
2024-08-12,68.7,53.3,0.0,False,Clear
2024-08-13,70.9,51.5,0.0,False,Partly Cloudy
2024-08-14,79.5,55.9,0.99,True,Light Rain
2024-08-15,76.0,58.8,0.59,True,Thunderstorms
2024-08-16,72.3,54.2,0.0,False,Clear
2024-08-17,81.0,64.7,0.72,True,Drizzle
2024-08-18,72.5,58.7,0.0,False,Clear
2024-08-19,76.6,58.2,1.23,True,Cloudy
2024-08-20,76.1,58.1,0.0,False,Partly Cloudy
2024-08-21,78.9,62.2,0.0,False,Cloudy
2024-08-22,80.7,63.0,0.0,False,Clear
2024-08-23,80.4,62.2,0.0,False,Clear
2024-08-24,85.1,68.1,1.31,True,Thunderstorms
2024-08-25,78.3,63.4,0.0,False,Clear
2024-08-26,84.9,65.4,0.0,False,Partly Cloudy
2024-08-27,78.1,62.1,0.64,True,Light Rain
2024-08-28,76.2,59.3,0.0,False,Partly Cloudy
2024-08-29,78.2,62.1,0.0,False,Partly Cloudy
2024-08-30,79.0,59.3,0.0,False,Partly Cloudy
2024-08-31,77.8,65.9,2.19,True,Fog
2024-09-01,80.5,64.6,0.0,False,Clear
2024-09-02,67.5,54.4,0.0,False,Cloudy
2024-09-03,84.8,67.1,1.86,True,Cloudy
2024-09-04,85.8,68.1,0.0,False,Partly Cloudy
2024-09-05,82.1,69.1,0.0,False,Cloudy
2024-09-06,73.9,59.6,0.18,True,Cloudy
2024-09-07,83.7,66.4,0.64,True,Light Rain
2024-09-08,74.6,56.9,0.0,False,Cloudy
2024-09-09,74.8,60.7,1.22,True,Partly Cloudy
2024-09-10,84.9,71.7,0.21,True,Light Rain
2024-09-11,86.0,68.5,0.0,False,Windy
2024-09-12,87.1,73.1,3.21,True,Windy
2024-09-13,83.0,62.0,0.57,True,Partly Cloudy
2024-09-14,82.3,66.3,0.0,False,Clear
2024-09-15,85.3,65.3,0.0,False,Clear
2024-09-16,82.1,65.1,0.21,True,Fog
2024-09-17,73.3,62.3,0.0,False,Thunderstorms
2024-09-18,90.9,75.6,1.32,True,Thunderstorms
2024-09-19,83.9,67.9,0.29,True,Light Rain
2024-09-20,86.3,68.1,1.36,True,Cloudy
2024-09-21,94.3,73.7,0.0,False,Light Rain
2024-09-22,85.6,67.7,0.0,False,Cloudy
2024-09-23,78.3,59.5,0.0,False,Cloudy
2024-09-24,90.5,76.7,0.0,False,Windy
2024-09-25,85.2,67.6,0.57,True,Thunderstorms
2024-09-26,88.3,69.8,0.0,False,Clear
2024-09-27,84.4,71.4,0.0,False,Light Rain
2024-09-28,92.1,75.9,0.0,False,Clear
2024-09-29,87.0,72.3,2.66,True,Thunderstorms
2024-09-30,88.4,65.7,0.0,False,Fog
2024-10-01,90.3,74.7,0.0,False,Clear
2024-10-02,91.1,72.7,0.6,True,Partly Cloudy
2024-10-03,79.3,64.4,0.0,False,Clear
2024-10-04,82.4,66.8,0.0,False,Partly Cloudy
2024-10-05,80.3,64.6,0.0,False,Clear
2024-10-06,75.6,64.1,0.0,False,Cloudy
2024-10-07,83.9,71.8,0.0,False,Cloudy
2024-10-08,90.4,77.0,1.18,True,Cloudy
2024-10-09,91.0,75.4,0.0,False,Cloudy
2024-10-10,82.0,67.5,0.0,False,Clear
2024-10-11,81.3,67.0,0.0,False,Partly Cloudy
2024-10-12,85.4,68.1,0.0,False,Thunderstorms
2024-10-13,96.3,80.7,0.0,False,Light Rain
2024-10-14,85.5,72.0,0.55,True,Partly Cloudy
2024-10-15,97.9,79.8,0.8,True,Light Rain
2024-10-16,87.7,74.9,0.0,False,Clear
2024-10-17,89.1,72.9,0.0,False,Clear
2024-10-18,86.2,72.8,0.0,False,Cloudy
2024-10-19,90.7,76.2,0.0,False,Cloudy
2024-10-20,95.8,79.2,0.0,False,Clear
2024-10-21,92.1,72.1,1.17,True,Thunderstorms
2024-10-22,89.2,75.6,0.0,False,Partly Cloudy
2024-10-23,75.8,60.1,0.0,False,Partly Cloudy
2024-10-24,90.7,70.0,0.0,False,Clear
2024-10-25,82.8,71.1,1.26,True,Partly Cloudy
2024-10-26,96.4,78.8,0.0,False,Thunderstorms
2024-10-27,84.4,65.4,0.57,True,Fog
2024-10-28,90.9,75.7,0.0,False,Partly Cloudy
2024-10-29,88.7,78.0,0.0,False,Light Rain
2024-10-30,95.2,74.7,1.82,True,Light Rain
2024-10-31,87.0,71.0,2.34,True,Partly Cloudy
2024-11-01,85.2,69.4,0.0,False,Clear
2024-11-02,89.5,72.2,0.15,True,Light Rain
2024-11-03,85.8,64.7,0.0,False,Thunderstorms
2024-11-04,90.0,76.0,0.0,False,Light Rain
2024-11-05,92.2,77.0,0.0,False,Thunderstorms
2024-11-06,92.0,75.4,1.3,True,Thunderstorms
2024-11-07,87.8,68.6,0.0,False,Clear
2024-11-08,90.2,71.3,0.0,False,Clear
2024-11-09,81.5,68.1,0.0,False,Clear
2024-11-10,83.5,67.4,0.12,True,Thunderstorms
2024-11-11,90.2,69.7,0.0,False,Thunderstorms
2024-11-12,89.1,66.0,2.79,True,Light Rain
2024-11-13,87.9,72.3,0.0,False,Cloudy
2024-11-14,83.7,63.2,1.02,True,Cloudy
2024-11-15,83.7,66.8,0.3,True,Fog
2024-11-16,81.6,61.8,0.0,False,Thunderstorms
2024-11-17,84.7,66.7,0.0,False,Drizzle
2024-11-18,82.1,70.3,0.98,True,Thunderstorms
2024-11-19,88.1,66.3,1.04,True,Thunderstorms
2024-11-20,88.5,69.3,0.0,False,Clear
2024-11-21,72.2,56.3,0.0,False,Cloudy
2024-11-22,90.1,71.4,0.0,False,Clear
2024-11-23,86.7,70.2,0.0,False,Fog
2024-11-24,82.3,60.3,0.0,False,Light Rain
2024-11-25,74.0,62.9,0.0,False,Thunderstorms
2024-11-26,86.2,69.5,0.0,False,Light Rain
2024-11-27,77.6,63.5,1.2,True,Cloudy
2024-11-28,77.8,62.2,0.0,False,Light Rain
2024-11-29,77.6,64.6,0.0,False,Clear
2024-11-30,79.9,64.9,0.0,False,Thunderstorms
2024-12-01,74.5,59.1,0.0,False,Light Rain
2024-12-02,82.7,62.1,0.73,True,Cloudy
2024-12-03,77.4,61.8,1.86,True,Thunderstorms
2024-12-04,83.8,65.1,0.0,False,Partly Cloudy
2024-12-05,76.7,57.6,0.0,False,Clear
2024-12-06,81.2,66.2,0.0,False,Light Rain
2024-12-07,73.1,56.0,0.0,False,Clear
2024-12-08,81.2,65.0,0.31,True,Clear
2024-12-09,85.4,64.1,2.28,True,Cloudy
2024-12-10,78.4,62.1,0.71,True,Light Rain
2024-12-11,76.7,63.1,0.12,True,Thunderstorms
2024-12-12,75.5,58.4,0.0,False,Drizzle
2024-12-13,82.1,68.0,0.0,False,Clear
2024-12-14,83.7,69.1,0.4,True,Light Rain
2024-12-15,76.8,62.4,0.0,False,Partly Cloudy
2024-12-16,79.8,63.4,0.0,False,Windy
2024-12-17,72.7,62.8,0.92,True,Light Rain
2024-12-18,79.5,62.4,0.0,False,Fog
2024-12-19,80.9,63.1,0.0,False,Clear
2024-12-20,68.9,48.6,0.0,False,Drizzle
2024-12-21,79.3,56.3,0.0,False,Clear
2024-12-22,83.2,63.4,0.0,False,Drizzle
2024-12-23,73.8,55.8,0.0,False,Clear
2024-12-24,66.7,51.3,0.0,False,Clear
2024-12-25,68.0,50.7,0.0,False,Partly Cloudy
2024-12-26,67.9,52.9,0.0,False,Cloudy
2024-12-27,75.3,61.8,0.0,False,Clear
2024-12-28,71.9,58.0,0.16,True,Light Rain
2024-12-29,66.2,53.5,0.0,False,Partly Cloudy
2024-12-30,76.4,64.3,0.0,False,Partly Cloudy
2024-12-31,68.3,47.4,0.0,False,Partly Cloudy
2025-01-01,76.7,62.1,0.77,True,Cloudy
2025-01-02,61.8,44.3,0.0,False,Cloudy
2025-01-03,68.5,52.6,0.22,True,Clear
2025-01-04,61.8,51.0,0.95,True,Fog
2025-01-05,66.4,50.3,0.0,False,Partly Cloudy
2025-01-06,67.4,48.9,0.0,False,Cloudy
2025-01-07,68.4,54.8,0.0,False,Cloudy
2025-01-08,66.7,54.5,0.0,False,Cloudy
2025-01-09,62.7,43.8,1.13,True,Light Rain
2025-01-10,68.2,52.6,0.53,True,Partly Cloudy
2025-01-11,71.7,56.8,0.0,False,Cloudy
2025-01-12,63.3,48.1,0.0,False,Clear
2025-01-13,58.6,44.4,1.64,True,Light Rain
2025-01-14,74.8,59.9,0.0,False,Light Rain
2025-01-15,73.1,55.5,0.0,False,Cloudy
2025-01-16,62.2,51.4,0.95,True,Light Rain
2025-01-17,60.7,45.7,0.0,False,Clear
2025-01-18,57.0,42.4,0.87,True,Light Rain
2025-01-19,57.4,44.5,0.0,False,Partly Cloudy
2025-01-20,60.2,44.4,0.0,False,Clear
2025-01-21,62.7,46.4,0.0,False,Clear
2025-01-22,54.3,37.4,0.0,False,Partly Cloudy
2025-01-23,60.6,44.5,0.87,True,Fog
2025-01-24,59.7,44.2,0.0,False,Cloudy
2025-01-25,54.5,44.3,1.44,True,Fog
2025-01-26,63.8,49.2,0.0,False,Cloudy
2025-01-27,59.5,42.1,0.0,False,Clear
2025-01-28,61.3,44.3,0.0,False,Partly Cloudy
2025-01-29,60.0,39.2,0.0,False,Clear
2025-01-30,59.5,38.7,0.0,False,Clear
2025-01-31,49.2,30.9,1.45,True,Light Rain
2025-02-01,57.2,43.1,0.47,True,Light Rain
2025-02-02,61.4,41.8,0.0,False,Cloudy
2025-02-03,54.5,37.7,0.0,False,Partly Cloudy
2025-02-04,55.8,41.6,0.0,False,Partly Cloudy
2025-02-05,57.9,39.0,0.0,False,Clear
2025-02-06,47.9,30.3,0.0,False,Partly Cloudy
2025-02-07,64.4,42.3,2.37,True,Fog
2025-02-08,50.3,38.9,0.0,False,Light Rain
2025-02-09,51.2,39.4,0.42,True,Cloudy
2025-02-10,44.0,27.4,0.0,False,Clear
2025-02-11,53.7,36.4,0.0,False,Partly Cloudy
2025-02-12,57.9,40.4,0.0,False,Cloudy
2025-02-13,47.4,31.6,0.0,False,Clear
2025-02-14,51.8,38.4,1.86,True,Thunderstorms
2025-02-15,43.2,31.4,0.0,False,Cloudy
2025-02-16,55.2,37.0,0.0,False,Cloudy
2025-02-17,48.1,31.9,0.62,True,Cloudy
2025-02-18,52.6,42.5,0.0,False,Clear
2025-02-19,43.7,27.5,0.0,False,Clear
2025-02-20,47.3,29.4,0.11,True,Cloudy
2025-02-21,43.6,33.4,0.0,False,Partly Cloudy
2025-02-22,46.1,32.3,0.0,False,Light Rain
2025-02-23,46.0,25.8,0.0,False,Clear
2025-02-24,45.9,28.3,0.72,True,Light Rain
2025-02-25,50.0,33.4,0.0,False,Cloudy
2025-02-26,50.0,33.9,2.78,True,Cloudy
2025-02-27,46.2,34.5,1.28,True,Thunderstorms
2025-02-28,44.4,27.9,0.0,False,Partly Cloudy
2025-03-01,45.5,27.6,0.0,False,Clear
2025-03-02,41.3,25.6,1.78,True,Thunderstorms
2025-03-03,47.8,31.1,0.0,False,Clear
2025-03-04,53.3,36.9,0.0,False,Cloudy
2025-03-05,43.3,32.3,0.29,True,Thunderstorms
2025-03-06,44.7,34.8,0.0,False,Clear
2025-03-07,47.6,28.7,0.0,False,Partly Cloudy
2025-03-08,42.7,26.5,0.0,False,Clear
2025-03-09,41.0,24.6,0.0,False,Drizzle
2025-03-10,38.9,16.5,0.0,False,Partly Cloudy
2025-03-11,44.1,24.5,0.0,False,Clear
2025-03-12,41.7,27.0,0.0,False,Clear
2025-03-13,44.8,31.4,0.0,False,Light Rain
2025-03-14,49.1,27.7,0.0,False,Partly Cloudy
2025-03-15,39.7,23.4,0.0,False,Light Rain
2025-03-16,39.1,19.2,5.02,True,Thunderstorms
2025-03-17,43.3,25.1,0.0,False,Windy
2025-03-18,37.0,20.3,0.0,False,Partly Cloudy
2025-03-19,43.3,25.9,1.78,True,Drizzle
2025-03-20,42.9,26.6,0.08,True,Thunderstorms
2025-03-21,38.7,25.2,0.0,False,Cloudy
2025-03-22,30.3,17.0,0.28,True,Thunderstorms
2025-03-23,46.2,28.5,0.0,False,Partly Cloudy
2025-03-24,38.8,22.3,0.0,False,Light Rain
2025-03-25,42.4,25.0,0.0,False,Partly Cloudy
2025-03-26,41.9,23.9,0.0,False,Thunderstorms
2025-03-27,37.5,23.5,0.69,True,Thunderstorms
2025-03-28,43.2,27.7,1.2,True,Light Rain
2025-03-29,43.6,28.2,0.0,False,Clear
2025-03-30,39.9,24.1,0.0,False,Clear
2025-03-31,41.6,23.9,0.86,True,Light Rain
2025-04-01,46.9,32.8,0.0,False,Cloudy
2025-04-02,44.1,22.7,0.0,False,Partly Cloudy
2025-04-03,35.0,20.2,1.13,True,Light Rain
2025-04-04,37.8,27.8,0.0,False,Clear
2025-04-05,34.4,17.9,0.0,False,Clear
2025-04-06,37.4,21.0,0.0,False,Clear
2025-04-07,33.0,19.6,1.14,True,Cloudy
2025-04-08,39.6,24.1,2.2,True,Light Rain
2025-04-09,43.3,30.4,0.0,False,Partly Cloudy
2025-04-10,34.1,17.6,0.0,False,Clear
2025-04-11,34.6,21.7,1.28,True,Cloudy
2025-04-12,39.8,28.8,0.0,False,Cloudy
2025-04-13,28.7,11.2,0.0,False,Cloudy
2025-04-14,36.7,25.6,0.0,False,Clear
2025-04-15,39.1,23.0,1.01,True,Light Rain
2025-04-16,37.3,20.9,0.0,False,Partly Cloudy
2025-04-17,35.5,20.0,0.0,False,Partly Cloudy
2025-04-18,41.7,25.4,0.0,False,Clear
2025-04-19,39.6,26.0,0.0,False,Partly Cloudy
2025-04-20,46.7,25.4,0.89,True,Fog
2025-04-21,32.5,19.6,0.0,False,Partly Cloudy
2025-04-22,36.8,20.2,0.99,True,Thunderstorms
2025-04-23,47.4,31.8,0.24,True,Thunderstorms
2025-04-24,32.3,18.3,0.0,False,Cloudy
2025-04-25,33.9,21.0,0.0,False,Partly Cloudy
2025-04-26,34.5,17.6,0.16,True,Clear
2025-04-27,40.4,20.0,0.0,False,Clear
2025-04-28,36.3,27.1,0.0,False,Cloudy
2025-04-29,40.2,25.9,0.0,False,Light Rain
2025-04-30,27.4,13.2,1.27,True,Drizzle
2025-05-01,40.6,21.3,0.0,False,Partly Cloudy
2025-05-02,38.1,25.6,0.98,True,Thunderstorms
2025-05-03,37.4,16.5,0.0,False,Partly Cloudy
2025-05-04,43.8,30.0,1.26,True,Light Rain
2025-05-05,46.3,27.7,1.25,True,Cloudy
2025-05-06,43.1,30.2,4.39,True,Cloudy
2025-05-07,36.6,20.2,0.0,False,Partly Cloudy
2025-05-08,27.4,13.0,0.0,False,Clear
2025-05-09,47.3,33.8,1.63,True,Light Rain
2025-05-10,45.2,30.1,0.0,False,Cloudy
2025-05-11,39.5,27.1,0.0,False,Partly Cloudy
2025-05-12,44.2,27.9,0.04,True,Cloudy
2025-05-13,34.2,15.6,0.0,False,Partly Cloudy
2025-05-14,33.6,21.2,0.57,True,Partly Cloudy
2025-05-15,53.2,37.7,2.45,True,Light Rain
2025-05-16,32.1,18.1,0.0,False,Clear
2025-05-17,38.8,27.2,0.0,False,Partly Cloudy
2025-05-18,45.0,27.6,0.0,False,Partly Cloudy
2025-05-19,32.2,20.9,2.08,True,Clear
2025-05-20,45.8,31.1,0.0,False,Cloudy
2025-05-21,54.8,38.1,0.0,False,Clear
2025-05-22,40.0,20.3,0.8,True,Light Rain
2025-05-23,35.9,25.8,0.0,False,Clear
2025-05-24,42.5,26.1,0.0,False,Clear
2025-05-25,35.5,21.9,0.0,False,Clear
2025-05-26,37.9,22.8,0.0,False,Clear
2025-05-27,36.8,16.1,0.0,False,Cloudy
2025-05-28,37.6,23.1,0.0,False,Clear
2025-05-29,42.4,24.3,0.0,False,Cloudy
2025-05-30,43.8,27.4,1.11,True,Thunderstorms
2025-05-31,33.8,17.0,0.0,False,Clear
2025-06-01,34.9,24.0,0.0,False,Clear
2025-06-02,40.7,27.2,0.0,False,Clear
2025-06-03,37.2,24.9,0.96,True,Light Rain
2025-06-04,52.8,37.9,0.17,True,Windy
2025-06-05,42.0,25.3,0.0,False,Clear
2025-06-06,42.8,28.2,0.0,False,Cloudy
2025-06-07,47.9,28.8,1.62,True,Thunderstorms
2025-06-08,44.4,30.8,0.0,False,Cloudy
2025-06-09,44.2,30.1,0.0,False,Cloudy
2025-06-10,46.0,31.8,0.0,False,Fog
2025-06-11,36.6,21.9,0.0,False,Clear
2025-06-12,45.1,30.1,0.6,True,Clear
2025-06-13,51.2,34.2,1.14,True,Cloudy
2025-06-14,45.3,25.1,0.0,False,Clear
2025-06-15,51.7,39.9,0.0,False,Cloudy
2025-06-16,50.3,34.2,0.0,False,Partly Cloudy
2025-06-17,52.0,37.1,1.06,True,Cloudy
2025-06-18,52.1,39.1,1.93,True,Thunderstorms
2025-06-19,45.8,33.1,0.0,False,Cloudy
2025-06-20,53.7,39.3,2.09,True,Cloudy
2025-06-21,58.2,43.3,0.51,True,Light Rain
2025-06-22,54.3,36.9,0.0,False,Cloudy
2025-06-23,55.1,37.3,0.0,False,Clear
2025-06-24,55.3,35.3,0.0,False,Light Rain
2025-06-25,61.9,44.4,0.0,False,Drizzle
2025-06-26,56.6,44.0,0.0,False,Clear
2025-06-27,55.0,38.4,0.39,True,Clear
2025-06-28,48.9,32.9,0.0,False,Clear
2025-06-29,55.6,41.8,0.0,False,Cloudy
2025-06-30,52.4,41.1,1.3,True,Drizzle
2025-07-01,54.1,34.8,0.0,False,Partly Cloudy
2025-07-02,50.1,39.9,0.0,False,Cloudy
2025-07-03,62.9,46.3,0.0,False,Clear
2025-07-04,65.6,45.5,0.0,False,Cloudy
2025-07-05,55.2,43.7,1.43,True,Light Rain
2025-07-06,58.0,42.9,0.0,False,Clear
2025-07-07,56.5,40.8,1.79,True,Thunderstorms
2025-07-08,60.6,45.6,0.0,False,Light Rain
2025-07-09,65.0,49.6,0.0,False,Cloudy
2025-07-10,68.7,53.2,0.0,False,Clear
2025-07-11,58.8,40.9,0.0,False,Windy
2025-07-12,63.1,51.0,1.04,True,Thunderstorms
2025-07-13,54.8,40.4,0.22,True,Light Rain
2025-07-14,62.9,47.4,0.0,False,Partly Cloudy
2025-07-15,58.5,44.4,0.0,False,Clear
2025-07-16,67.0,51.0,0.0,False,Partly Cloudy
2025-07-17,61.9,46.7,0.0,False,Clear
2025-07-18,66.8,52.3,0.0,False,Light Rain
2025-07-19,58.9,43.1,0.0,False,Light Rain
2025-07-20,67.6,51.8,0.0,False,Clear
2025-07-21,62.7,45.3,0.0,False,Drizzle
2025-07-22,63.4,44.2,0.56,True,Light Rain
2025-07-23,72.2,54.5,0.0,False,Light Rain
2025-07-24,61.8,44.7,0.35,True,Thunderstorms
2025-07-25,65.4,50.0,0.2,True,Light Rain
2025-07-26,65.7,49.9,0.48,True,Thunderstorms
2025-07-27,71.2,57.1,1.17,True,Drizzle
2025-07-28,65.3,53.8,0.73,True,Cloudy
2025-07-29,61.6,48.8,0.0,False,Light Rain
2025-07-30,69.3,46.9,0.0,False,Partly Cloudy
2025-07-31,63.9,47.3,0.0,False,Partly Cloudy
2025-08-01,73.4,56.7,0.0,False,Partly Cloudy
2025-08-02,67.2,47.3,2.05,True,Thunderstorms
2025-08-03,69.5,47.0,0.8,True,Cloudy
2025-08-04,72.5,54.3,0.0,False,Light Rain
2025-08-05,70.7,54.8,0.3,True,Thunderstorms
2025-08-06,72.3,60.1,0.0,False,Clear
2025-08-07,67.7,53.2,0.0,False,Thunderstorms
2025-08-08,64.0,47.8,0.0,False,Clear
2025-08-09,69.9,53.2,0.0,False,Partly Cloudy
2025-08-10,76.2,58.1,1.44,True,Light Rain
2025-08-11,67.6,51.9,0.58,True,Light Rain
2025-08-12,76.8,59.2,0.0,False,Clear
2025-08-13,76.0,55.5,0.0,False,Light Rain
2025-08-14,76.6,60.9,0.0,False,Clear
2025-08-15,66.7,53.5,0.47,True,Cloudy
2025-08-16,83.3,67.1,0.0,False,Light Rain
2025-08-17,76.8,60.9,4.52,True,Light Rain
2025-08-18,74.4,55.5,0.48,True,Thunderstorms
2025-08-19,80.8,64.2,0.84,True,Thunderstorms
2025-08-20,77.2,58.1,0.0,False,Clear
2025-08-21,76.6,59.7,0.0,False,Clear
2025-08-22,76.9,58.5,0.0,False,Fog
2025-08-23,82.8,63.1,0.0,False,Clear
2025-08-24,81.4,58.1,0.21,True,Thunderstorms
2025-08-25,75.6,59.3,0.55,True,Light Rain
2025-08-26,82.8,67.0,1.12,True,Thunderstorms
2025-08-27,74.4,58.2,0.0,False,Cloudy
2025-08-28,83.3,75.6,1.8,True,Light Rain
2025-08-29,76.2,59.0,0.0,False,Partly Cloudy
2025-08-30,82.9,64.6,0.0,False,Light Rain
2025-08-31,85.4,69.7,0.0,False,Clear
2025-09-01,74.9,58.8,0.0,False,Clear
2025-09-02,84.1,71.3,0.0,False,Cloudy
2025-09-03,80.1,68.9,0.97,True,Light Rain
2025-09-04,74.6,62.8,0.0,False,Partly Cloudy
2025-09-05,91.5,75.1,2.52,True,Light Rain
2025-09-06,80.3,66.6,0.1,True,Light Rain
2025-09-07,70.3,55.9,1.2,True,Light Rain
2025-09-08,87.3,72.1,0.0,False,Cloudy
2025-09-09,84.7,68.0,0.0,False,Clear
2025-09-10,79.8,66.3,0.48,True,Thunderstorms
2025-09-11,80.2,62.3,0.0,False,Clear
2025-09-12,85.4,67.7,0.54,True,Cloudy
2025-09-13,86.0,67.7,0.0,False,Clear
2025-09-14,85.0,73.7,0.0,False,Clear
2025-09-15,75.8,63.0,0.0,False,Clear
2025-09-16,89.5,77.4,0.0,False,Partly Cloudy
2025-09-17,82.8,68.1,0.0,False,Cloudy
2025-09-18,89.9,72.8,0.0,False,Clear
2025-09-19,82.2,69.4,1.89,True,Cloudy
2025-09-20,70.6,61.0,0.0,False,Partly Cloudy
2025-09-21,85.6,68.8,0.0,False,Cloudy
2025-09-22,84.1,68.8,0.0,False,Drizzle
2025-09-23,88.8,73.7,1.55,True,Light Rain
2025-09-24,79.5,64.3,0.0,False,Clear
2025-09-25,88.4,72.5,0.0,False,Clear
2025-09-26,81.1,65.7,0.9,True,Cloudy
2025-09-27,90.6,80.0,1.86,True,Cloudy
2025-09-28,85.2,70.6,0.0,False,Clear
2025-09-29,83.3,66.3,0.82,True,Clear
2025-09-30,86.5,67.4,0.0,False,Partly Cloudy
2025-10-01,93.0,79.8,2.32,True,Cloudy
2025-10-02,93.4,82.3,0.0,False,Drizzle
2025-10-03,81.7,72.7,0.0,False,Partly Cloudy
2025-10-04,88.4,71.3,0.0,False,Cloudy
2025-10-05,80.6,64.2,0.0,False,Clear
2025-10-06,91.1,77.2,0.65,True,Thunderstorms
2025-10-07,90.0,70.9,0.0,False,Partly Cloudy
2025-10-08,92.6,71.8,0.0,False,Thunderstorms
2025-10-09,94.5,76.2,0.0,False,Partly Cloudy
2025-10-10,89.3,69.1,0.0,False,Partly Cloudy
2025-10-11,88.7,74.0,0.0,False,Partly Cloudy
2025-10-12,91.5,74.3,0.81,True,Cloudy
2025-10-13,90.1,71.4,0.57,True,Partly Cloudy
2025-10-14,87.4,71.5,0.0,False,Fog
2025-10-15,95.6,75.8,0.0,False,Partly Cloudy
2025-10-16,86.8,69.4,0.0,False,Light Rain
2025-10-17,84.8,69.5,0.0,False,Partly Cloudy
2025-10-18,93.7,73.1,0.0,False,Clear
2025-10-19,88.5,72.9,0.0,False,Cloudy
2025-10-20,86.3,69.0,0.0,False,Clear
2025-10-21,93.6,73.3,0.13,True,Partly Cloudy
2025-10-22,91.2,73.9,0.55,True,Light Rain
2025-10-23,88.6,73.1,1.79,True,Light Rain
2025-10-24,87.1,67.6,0.48,True,Windy
2025-10-25,88.2,73.2,0.0,False,Clear
2025-10-26,91.8,76.1,0.0,False,Cloudy
2025-10-27,85.7,70.6,2.09,True,Light Rain
2025-10-28,91.3,76.3,0.77,True,Thunderstorms
2025-10-29,83.2,66.9,0.0,False,Clear
2025-10-30,90.2,74.8,0.0,False,Partly Cloudy
2025-10-31,87.6,73.8,0.0,False,Partly Cloudy
2025-11-01,84.7,67.4,0.29,True,Light Rain
2025-11-02,92.5,79.4,5.43,True,Thunderstorms
2025-11-03,87.3,72.9,0.0,False,Windy
2025-11-04,90.1,71.0,0.0,False,Clear
2025-11-05,84.0,66.9,0.0,False,Cloudy
2025-11-06,88.9,67.1,0.46,True,Light Rain
2025-11-07,89.9,74.1,1.15,True,Thunderstorms
2025-11-08,82.1,65.6,0.0,False,Fog
2025-11-09,91.0,73.1,0.0,False,Clear
2025-11-10,80.8,63.4,0.0,False,Clear
2025-11-11,85.5,68.5,1.36,True,Thunderstorms
2025-11-12,78.3,62.8,0.0,False,Clear
2025-11-13,77.3,62.5,0.0,False,Clear
2025-11-14,80.4,66.8,0.0,False,Clear
2025-11-15,86.4,67.5,0.0,False,Clear
2025-11-16,89.0,75.9,0.65,True,Light Rain
2025-11-17,88.1,69.0,0.0,False,Partly Cloudy
2025-11-18,85.7,66.3,0.0,False,Clear
2025-11-19,83.6,72.6,0.0,False,Clear
2025-11-20,91.0,72.3,0.0,False,Cloudy
2025-11-21,77.0,59.3,0.84,True,Thunderstorms
2025-11-22,79.7,59.6,2.5,True,Light Rain
2025-11-23,85.9,72.0,0.0,False,Cloudy
2025-11-24,87.9,67.8,0.39,True,Fog
2025-11-25,84.9,68.6,0.0,False,Light Rain
2025-11-26,79.0,61.6,0.0,False,Cloudy
2025-11-27,79.4,68.1,1.15,True,Thunderstorms
2025-11-28,86.9,72.0,0.0,False,Fog
2025-11-29,78.1,64.7,0.0,False,Partly Cloudy
2025-11-30,77.6,67.0,0.0,False,Partly Cloudy
2025-12-01,80.1,61.3,0.0,False,Cloudy
2025-12-02,75.6,61.2,0.06,True,Fog
2025-12-03,82.5,64.6,0.0,False,Light Rain
2025-12-04,84.1,71.6,0.0,False,Clear
2025-12-05,83.5,66.3,0.0,False,Clear
2025-12-06,79.8,65.9,1.41,True,Light Rain
2025-12-07,78.3,63.4,0.0,False,Cloudy
2025-12-08,89.2,73.3,0.0,False,Partly Cloudy
2025-12-09,81.8,66.2,0.0,False,Clear
2025-12-10,75.6,61.9,0.98,True,Partly Cloudy
2025-12-11,81.2,64.2,0.0,False,Cloudy
2025-12-12,77.6,64.2,0.0,False,Cloudy
2025-12-13,82.3,65.0,0.0,False,Fog
2025-12-14,75.9,60.7,0.86,True,Light Rain
2025-12-15,75.2,58.5,1.28,True,Light Rain
2025-12-16,69.1,55.3,0.0,False,Clear
2025-12-17,76.1,62.6,0.0,False,Clear
2025-12-18,77.3,58.4,0.0,False,Partly Cloudy
2025-12-19,78.5,59.2,0.0,False,Clear
2025-12-20,62.7,46.9,1.01,True,Cloudy
2025-12-21,65.8,47.5,0.24,True,Partly Cloudy
2025-12-22,73.5,57.1,0.17,True,Drizzle
2025-12-23,71.3,54.1,0.0,False,Light Rain
2025-12-24,70.2,55.6,1.14,True,Light Rain
2025-12-25,70.0,55.0,0.0,False,Drizzle
2025-12-26,67.3,53.4,0.13,True,Windy
2025-12-27,69.0,53.1,0.0,False,Cloudy
2025-12-28,66.9,53.6,0.0,False,Clear
2025-12-29,73.1,60.6,0.0,False,Clear
2025-12-30,67.3,53.2,0.85,True,Thunderstorms
2025-12-31,62.6,45.6,0.0,False,Partly Cloudy
